sales_channel,Avg_CLV,Median_CLV,Total_CLV,Customer_Count,Avg_Premium,Avg_Policies,CLV_per_Customer
agent,7957.71,5830.56,27668955.42,3477,93.68,2.95,7957.709352890423
branch,8119.71,5802.84,20843300.35,2567,93.31,2.93,8119.711862095833
call center,8100.09,5780.18,14296651.35,1765,92.48,3.01,8100.0857507082155
web,7779.79,5640.73,10308219.18,1325,92.82,3.03,7779.788060377358
