Variable,Chi2,p_value,Cramers_V,Significance
coverage,818.652645324482,1.4357145774651135e-173,0.21169194505116312,***
education,30.900209984583896,0.0020402122622972365,0.03358068758693273,**
gender,5.877202028676802,0.11773987702007947,0.0253661646021046,ns
marital_status,12.194441845286516,0.05776898997567037,0.025836605974922485,ns
sales_channel,12.113943263673066,0.20696170130793554,0.021025756796377488,ns
vehicle_class,1453.6118472208705,4.821488925521675e-301,0.23032076584454075,***
