,count,mean,std,min,25%,50%,75%,max,skewness,kurtosis,iqr
customer_lifetime_value,9134.0,8004.940474987081,6870.967608356924,1898.007675,3994.25179425,5780.182197,8962.16704125,83325.38119,3.0322802599299847,13.8235334254424,4967.915247000001
income,9134.0,37657.38000875848,30379.904733846204,0.0,0.0,33889.5,62320.0,99981.0,0.28688727581189166,-1.0943259616676548,62320.0
monthly_premium_auto,9134.0,93.21929056273265,34.40796737178652,61.0,68.0,83.0,109.0,298.0,2.1235464499475345,6.193604965840608,41.0
months_since_last_claim,9134.0,15.097000218962119,10.07325657139425,0.0,6.0,14.0,23.0,35.0,0.2785863118107981,-1.0736676716537896,17.0
months_since_policy_inception,9134.0,48.064593825268226,27.905990784265207,0.0,24.0,48.0,71.0,99.0,0.040164961597799524,-1.1330459064105856,47.0
number_of_open_complaints,9134.0,0.38438800087584846,0.9103835316134915,0.0,0.0,0.0,0.0,5.0,2.783263052399567,7.749308474067146,0.0
number_of_policies,9134.0,2.9661703525290126,2.390181809701105,1.0,1.0,2.0,4.0,9.0,1.2533327352739663,0.36315659217931895,3.0
total_claim_amount,9134.0,434.0887943128969,290.5000918031138,0.099007,272.2582445,383.94543350000004,547.51483875,2893.239678,1.7149658097209557,5.979401045843765,275.25659425
