,customer_lifetime_value,income,monthly_premium_auto,months_since_last_claim,months_since_policy_inception,number_of_open_complaints,number_of_policies,total_claim_amount
count,9134.0,9134.0,9134.0,9134.0,9134.0,9134.0,9134.0,9134.0
mean,8004.940474987081,37657.38000875848,93.21929056273265,15.097000218962119,48.064593825268226,0.38438800087584846,2.9661703525290126,434.0887943128969
std,6870.9676083569375,30379.9047338463,34.40796737178653,10.073256571394225,27.90599078426519,0.910383531613565,2.3901818097011365,290.5000918031134
min,1898.007675,0.0,61.0,0.0,0.0,0.0,1.0,0.099007
25%,3994.25179425,0.0,68.0,6.0,24.0,0.0,1.0,272.2582445
50%,5780.182197,33889.5,83.0,14.0,48.0,0.0,2.0,383.94543350000004
75%,8962.16704125,62320.0,109.0,23.0,71.0,0.0,4.0,547.51483875
max,83325.38119,99981.0,298.0,35.0,99.0,5.0,9.0,2893.239678
