column,Q1,Q3,IQR,lower_bound,upper_bound,outlier_count,outlier_pct
number_of_open_complaints,0.0,0.0,0.0,0.0,0.0,1882,20.604335449967156
customer_lifetime_value,3994.25179425,8962.16704125,4967.915247000001,-3457.6210762500014,16414.039911750002,817,8.944602583753012
total_claim_amount,272.2582445,547.51483875,275.25659425,-140.62664687499995,960.3997301249999,453,4.959492007882636
monthly_premium_auto,68.0,109.0,41.0,6.5,170.5,430,4.707685570396322
number_of_policies,1.0,4.0,3.0,-3.5,8.5,416,4.554412086708999
income,0.0,62320.0,62320.0,-93480.0,155800.0,0,0.0
months_since_last_claim,6.0,23.0,17.0,-19.5,48.5,0,0.0
months_since_policy_inception,24.0,71.0,47.0,-46.5,141.5,0,0.0
