Feature,Lower_Bound,Upper_Bound,Outliers,Outlier_Pct
number_of_open_complaints,0.0,0.0,1882,20.604335449967156
customer_lifetime_value,-3457.6210762500014,16414.039911750002,817,8.944602583753012
total_claim_amount,-140.62664687499995,960.3997301249999,453,4.959492007882636
monthly_premium_auto,6.5,170.5,430,4.707685570396322
number_of_policies,-3.5,8.5,416,4.554412086708999
income,-93480.0,155800.0,0,0.0
months_since_last_claim,-19.5,48.5,0,0.0
months_since_policy_inception,-46.5,141.5,0,0.0
