,customer_lifetime_value,income,monthly_premium_auto,months_since_last_claim,months_since_policy_inception,number_of_open_complaints,number_of_policies,total_claim_amount
customer_lifetime_value,1.0,0.02436566074740911,0.39626173753402205,0.011516681893211988,0.009418381244490744,-0.03634319326367515,0.021955364499626713,0.2264509152864168
income,0.02436566074740911,1.0,-0.016664550254752494,-0.026715179114336757,-0.0008751978082314489,0.006408272613333637,-0.008656203065122667,-0.3552543173971929
monthly_premium_auto,0.39626173753402205,-0.016664550254752494,1.0,0.005026285455091181,0.02025664258495484,-0.013121672834228524,-0.011233030816123831,0.6320166625194117
months_since_last_claim,0.011516681893211988,-0.026715179114336757,0.005026285455091181,1.0,-0.04295920571589335,0.005354131996139118,0.009136078536748037,0.007562974272788255
months_since_policy_inception,0.009418381244490744,-0.0008751978082314489,0.02025664258495484,-0.04295920571589335,1.0,-0.0011584467248295994,-0.013332859731561389,0.003334914503045875
number_of_open_complaints,-0.03634319326367515,0.006408272613333637,-0.013121672834228524,0.005354131996139118,-0.0011584467248295994,1.0,0.0014982904004515105,-0.01424144064014876
number_of_policies,0.021955364499626713,-0.008656203065122667,-0.011233030816123831,0.009136078536748037,-0.013332859731561389,0.0014982904004515105,1.0,-0.0023535962993579736
total_claim_amount,0.2264509152864168,-0.3552543173971929,0.6320166625194117,0.007562974272788255,0.003334914503045875,-0.01424144064014876,-0.0023535962993579736,1.0
