{
  "model_name": "Random Forest",
  "r2_score": 0.909821552270472,
  "mae_dollars": 1376.5736441441807,
  "training_date": "2026-02-09 11:47:28",
  "n_features": 78,
  "n_training_samples": 7307
}